TIKR,News,Link
AAPL,"apple price target raised by $30 at td cowen, here's why",https://thefly.com/permalinks/entry.php/id3954544/AAPL-Apple-price-target-raised-by--at-TD-Cowen-heres-why
AAPL,apple price target raised by $50 at raymond james,https://thefly.com/permalinks/entry.php/id3954002/AAPL-Apple-price-target-raised-by--at-Raymond-James
AAPL,"stmicroelectronics price target lowered by $6 at craig-hallum, here's why",https://thefly.com/permalinks/entry.php/id3952945/STM;AAPL-STMicroelectronics-price-target-lowered-by--at-CraigHallum-heres-why
AAPL,"apple price target raised by $40 at baird, here's why",https://thefly.com/permalinks/entry.php/id3952629/AAPL-Apple-price-target-raised-by--at-Baird-heres-why
AAPL,"apple price target raised by $40 at baird, here's why",https://thefly.com/permalinks/entry.php/id3952410/AAPL;T;VZ-Apple-price-target-raised-by--at-Baird-heres-why
AAPL,"apple price target raised by $20 at jpmorgan, here's why",https://thefly.com/permalinks/entry.php/id3951352/AAPL-Apple-price-target-raised-by--at-JPMorgan-heres-why
AAPL,"apple price target raised by $23 at barclays, here's why",https://thefly.com/permalinks/entry.php/id3951314/AAPL-Apple-price-target-raised-by--at-Barclays-heres-why
AAPL,"apple jumps 2% to $235.42 after loop upgrade, morgan stanley target hike",https://thefly.com/permalinks/entry.php/id3945714/AAPL-Apple-jumps--to--after-Loop-upgrade-Morgan-Stanley-target-hike
AAPL,"morgan stanley replaces dell with apple as top hardware pick, ups target",https://thefly.com/permalinks/entry.php/id3945638/AAPL;DELL-Morgan-Stanley-replaces-Dell-with-Apple-as-top-hardware-pick-ups-target
AAPL,"apple price target raised by $26 at bofa, here's why",https://thefly.com/permalinks/entry.php/id3944629/AAPL-Apple-price-target-raised-by--at-BofA-heres-why
AAPL,"apple price target raised by $40 at needham, here's why",https://thefly.com/permalinks/entry.php/id3943639/AAPL-Apple-price-target-raised-by--at-Needham-heres-why
AAPL,"apple price target raised by $35 at piper sandler, here's why",https://thefly.com/permalinks/entry.php/id3942718/AAPL-Apple-price-target-raised-by--at-Piper-Sandler-heres-why
AAPL,"universal display price target raised by $50 at oppenheimer, here's why",https://thefly.com/permalinks/entry.php/id3941108/OLED;AAPL-Universal-Display-price-target-raised-by--at-Oppenheimer-heres-why
